-- ============================================
-- SEED DATA — auto-generated from Excel + realistic demo values
-- Source: PHD_data - Copy.xlsx
-- Generated: 2026-04-28 18:39
-- Excluded: marital_status, num_children, youngest_child_age
-- ============================================

USE datatrain;

INSERT INTO country_region (region_name) VALUES
('East Asia'),
('South Asia'),
('Southeast Asia'),
('Middle East'),
('Europe'),
('Africa'),
('Americas');

INSERT INTO country (country_name, region_id) VALUES
('China',1),
('Japan',1),
('South Korea',1),
('India',2),
('Pakistan',2),
('Bangladesh',2),
('Malaysia',3),
('Indonesia',3),
('Thailand',3),
('Vietnam',3),
('Saudi Arabia',4),
('Iran',4),
('United Kingdom',5),
('Germany',5),
('Nigeria',6),
('Kenya',6),
('United States',7),
('Brazil',7);

INSERT INTO faculty (faculty_description) VALUES
'Faculty of AI and Engineering',
'Faculty of Business',
'Faculty of Applied Comm',
'Faculty of Law';

INSERT INTO program (program_short_desc, program_description, faculty_id) VALUES
('Ph.D. (Eng)','Doctor of Philosophy (Engineering)',1),
('Ph.D. (Mgmt.)','Doctor of Philosophy (Management)',2),
('Master (Mgmt)','Master of Management',2),
('Ph.D. (Communication)','Doctor of Philosophy (Communication)',3),
('Master (Communication)','Master of Communication',3),
('Master (Law)','Master of Law',4);

INSERT INTO discipline (discipline_name, discipline_group) VALUES
('Engineering','STEM'),
('Management','Business'),
('Communication','Social Science'),
('Law','Social Science'),
('Data Science','STEM'),
('Finance','Business');

INSERT INTO funding_type (funding_name) VALUES
'Full Scholarship',
'Partial Scholarship',
'Self-funded',
'Teaching Assistant',
'Research Assistant',
'Employer-sponsored';

INSERT INTO campus (campus_name) VALUES
('CYBER'),('MLAKA');

-- Supervisors (password: 'password123'  bcrypt hash)
INSERT INTO supervisor (staff_id, name, email, faculty_id, role, password_hash) VALUES
('ADM001','Dr. Admin User','admin@university.edu',1,'Both','$2b$12$LJ3m4ys3Gz8Kvf0fRsRXB.JpGpx/A6WfFkYzS.3VqYCxLDzFqzfO6'),
('MU081217','Dr. Ahmad Rahman','ahmad@university.edu',1,'Supervisor','$2b$12$LJ3m4ys3Gz8Kvf0fRsRXB.JpGpx/A6WfFkYzS.3VqYCxLDzFqzfO6'),
('MU092301','Dr. Sarah Chen','sarah.chen@university.edu',2,'Supervisor','$2b$12$LJ3m4ys3Gz8Kvf0fRsRXB.JpGpx/A6WfFkYzS.3VqYCxLDzFqzfO6'),
('MU103456','Prof. James Wilson','j.wilson@university.edu',3,'Supervisor','$2b$12$LJ3m4ys3Gz8Kvf0fRsRXB.JpGpx/A6WfFkYzS.3VqYCxLDzFqzfO6'),
('MU114567','Dr. Fatimah Idris','fatimah@university.edu',4,'Supervisor','$2b$12$LJ3m4ys3Gz8Kvf0fRsRXB.JpGpx/A6WfFkYzS.3VqYCxLDzFqzfO6');

-- Students (40 from Excel + generated demo fields)
INSERT INTO student (
    student_id_number, student_name, email, campus_id,
    campus_code, admit_term, admit_term_begin_date, expected_grad_term, program_status,
    gender, date_of_birth, country_id,
    program_id, degree_type, enrollment_date, study_method,
    entry_gpa, is_cross_discipline,
    funding_id, has_external_work, weekly_work_hours,
    in_research_group, family_support
) VALUES
('250PA247R8','USMAN YAU','usman.yau@student.mmu.edu.my',1,'247R1',2500,'2025-01-01',3000,'Active in Program','Male','1991-06-02',15,1,'PhD','2025-01-21','Full-time',3.51,FALSE,1,FALSE,0.0,TRUE,5),
('250PA247R1','KHAN IRFAN','khan.irfan@student.mmu.edu.my',1,'247R4',2500,'2025-01-01',3000,'Active in Program','Male','1999-10-29',6,1,'PhD','2025-02-21','Full-time',3.52,TRUE,1,FALSE,0.0,TRUE,4),
('250PA247R2','JAYAKANTHAN A/L M. LACHMANAN','jayakanthan.lachmanan@student.mmu.edu.my',1,'247R8',2500,'2025-01-01',3000,'Active in Program','Male','1993-01-13',4,1,'PhD','2025-02-08','Full-time',3.61,FALSE,4,TRUE,13.1,TRUE,3),
('250PA247R5','IDRIS OLALEKAN ADEOYE','idris.adeoye@student.mmu.edu.my',1,'247R3',2500,'2025-01-01',3000,'Active in Program','Male','1999-03-23',15,1,'PhD','2025-01-05','Full-time',3.98,FALSE,1,TRUE,13.5,TRUE,5),
('250PA247R7','NUHU DAN-AZUMI MUHAMMAD','nuhu.muhammad@student.mmu.edu.my',1,'247R7',2500,'2025-01-01',3000,'Active in Program','Male','1993-10-11',5,1,'PhD','2025-01-05','Full-time',3.99,FALSE,5,FALSE,0.0,TRUE,5),
('250PA257R3','NAZ ANUM','naz.anum@student.mmu.edu.my',1,'2508F',2500,'2025-01-01',3000,'Active in Program','Female','1992-04-04',5,1,'PhD','2025-01-04','Full-time',3.52,FALSE,1,TRUE,7.3,TRUE,3),
('250PA237R1','NUR SYAZA BINTI ZAKARIA','nur.zakaria@student.mmu.edu.my',1,'243YN',2500,'2025-01-01',3000,'Active in Program','Female','1991-02-10',7,1,'PhD','2025-02-07','Full-time',3.58,FALSE,5,FALSE,0.0,TRUE,2),
('250PK242QD','YANG XIAO','yang.xiao@student.mmu.edu.my',1,'251D4',2500,'2025-01-01',3000,'Active in Program','Male','1991-07-02',1,4,'PhD','2025-03-22','Full-time',3.77,FALSE,1,FALSE,0.0,FALSE,4),
('250PK232QD','MD MUSLIM UDDIN AHMED PIPUL','md.pipul@student.mmu.edu.my',1,'2458H',2500,'2025-01-01',3000,'Active in Program','Male','1997-09-26',6,4,'PhD','2025-03-08','Full-time',3.92,FALSE,1,TRUE,8.2,TRUE,3),
('250PK222QD','JOANNA A/P JAYAPRAKASH','joanna.jayaprakash@student.mmu.edu.my',1,'252QD',2500,'2025-01-01',3000,'Active in Program','Female','1992-03-15',4,4,'PhD','2025-02-16','Full-time',3.61,FALSE,3,FALSE,0.0,TRUE,3),
('250PK212QD','HAMZA BASHER ALAMIN BARKA','hamza.barka@student.mmu.edu.my',1,'243YN',2500,'2025-01-01',3000,'Active in Program','Male','1992-10-10',6,4,'PhD','2025-01-05','Part-time',3.87,FALSE,3,TRUE,39.9,TRUE,4),
('250PK272QD','NAHIDA FERDOUS','nahida.ferdous@student.mmu.edu.my',1,'247R7',2500,'2025-01-01',3000,'Active in Program','Female','2001-06-17',5,4,'PhD','2025-02-07','Part-time',3.81,FALSE,3,TRUE,27.6,FALSE,4),
('250PK251QD','NAHIDA ANUM','nahida.anum@student.mmu.edu.my',1,'2458H',2500,'2025-01-01',3000,'Active in Program','Female','1993-07-10',5,4,'PhD','2025-01-08','Part-time',3.84,FALSE,6,TRUE,22.2,TRUE,4),
('250PB252PD','KHAN FERDOUS','khan.ferdous@student.mmu.edu.my',2,'245YK',2500,'2025-01-01',3000,'Active in Program','Male','1996-11-20',5,2,'PhD','2025-01-28','Part-time',3.75,TRUE,3,FALSE,0.0,TRUE,3),
('250PB244PD','PUARA A/P LACHMANAN','puara.lachmanan@student.mmu.edu.my',2,'245ZK',2500,'2025-01-01',3000,'Active in Program','Female','1996-05-21',4,2,'PhD','2025-02-05','Part-time',3.77,FALSE,3,TRUE,26.5,TRUE,5),
('250PB258PD','YONG YU KIN','yong.kin@student.mmu.edu.my',2,'245RK',2500,'2025-01-01',3000,'Active in Program','Male','1998-07-16',7,2,'PhD','2025-02-08','Part-time',3.62,FALSE,6,TRUE,36.3,FALSE,4),
('250PB259PD','WONG KIN HUAT','wong.huat@student.mmu.edu.my',2,'247R7',2500,'2025-01-01',3000,'Active in Program','Male','1999-07-24',7,2,'PhD','2025-03-24','Part-time',3.83,FALSE,6,TRUE,32.1,FALSE,5),
('250PB260PD','WONG KANG JUN','wong.jun@student.mmu.edu.my',2,'247R8',2500,'2025-01-01',3000,'Active in Program','Male','1998-04-21',7,2,'PhD','2025-03-24','Part-time',3.70,FALSE,3,FALSE,0.0,TRUE,3),
('250PA213RK','AHMAD FAISAL BIN YUSOF','ahmad.yusof@student.mmu.edu.my',2,'247R9',2500,'2025-01-01',3000,'Active in Program','Male','2000-01-19',7,2,'PhD','2025-01-05','Part-time',3.51,FALSE,3,TRUE,34.2,TRUE,2),
('250PK245T1','HANG JIA YEE','hang.yee@student.mmu.edu.my',2,'243A9',2500,'2025-01-01',3000,'Active in Program','Female','2003-01-23',7,3,'Master','2025-01-06','Full-time',3.06,FALSE,1,FALSE,0.0,TRUE,5),
('250PH272RM','LEE KOK MING','lee.ming@student.mmu.edu.my',2,'248RK',2500,'2025-01-01',3000,'Active in Program','Female','1996-04-01',7,3,'Master','2025-01-28','Full-time',3.63,FALSE,3,TRUE,9.3,FALSE,4),
('250PN281Q2','SITI NUR AIN BINTI RAHMAN','siti.rahman@student.mmu.edu.my',2,'249YH',2500,'2025-01-01',3000,'Active in Program','Female','2002-08-24',7,3,'Master','2025-01-29','Full-time',3.52,FALSE,3,FALSE,0.0,FALSE,3),
('250PM269QD','RAHUL KUMAR SINGH','rahul.singh@student.mmu.edu.my',2,'2468Z',2500,'2025-01-01',3000,'Active in Program','Male','2000-05-22',4,3,'Master','2025-02-22','Full-time',3.43,TRUE,3,FALSE,0.0,FALSE,2),
('250PJ258RD','CHAN WEI HONG','chan.hong@student.mmu.edu.my',2,'247JK',2500,'2025-01-01',3000,'Active in Program','Male','1995-07-11',7,6,'Master','2025-02-23','Full-time',3.04,FALSE,1,FALSE,0.0,FALSE,5),
('250PL293T1','NURUL HUDA BINTI AZIZ','nurul.aziz@student.mmu.edu.my',2,'245PL',2500,'2025-01-01',3000,'Active in Program','Female','2001-01-10',7,6,'Master','2025-02-01','Full-time',3.39,FALSE,2,TRUE,8.8,FALSE,3),
('250PR241PD','MOHAMMAD ALI KHAN','mohammad.khan@student.mmu.edu.my',2,'244XM',2500,'2025-01-01',3000,'Active in Program','Male','1996-03-15',6,6,'Master','2025-02-02','Full-time',3.56,FALSE,1,FALSE,0.0,FALSE,3),
('250PB237QK','TAN JIA WEI','tan.wei@student.mmu.edu.my',2,'2495N',2500,'2025-01-01',3000,'Active in Program','Male','2000-07-10',7,6,'Master','2025-02-03','Full-time',3.46,FALSE,1,TRUE,10.8,FALSE,5),
('250PC276R2','FARHAN BIN ISMAIL','farhan.ismail@student.mmu.edu.my',2,'246ZP',2500,'2025-01-01',3000,'Active in Program','Male','2001-06-20',7,6,'Master','2025-01-14','Full-time',3.77,TRUE,3,FALSE,0.0,FALSE,3),
('250PE261RJ','LIM PEI YEE','lim.yee@student.mmu.edu.my',2,'247QR',2500,'2025-01-01',3000,'Active in Program','Female','2001-10-02',7,3,'Master','2025-01-15','Full-time',3.20,FALSE,2,FALSE,0.0,FALSE,4),
('250PG248PD','RAJESH PRASAD','rajesh.prasad@student.mmu.edu.my',2,'248R7',2500,'2025-01-01',3000,'Active in Program','Male','1999-04-09',4,3,'Master','2025-01-16','Part-time',3.54,FALSE,6,TRUE,32.9,FALSE,5),
('250PH234RM','GOH MUN KIT','goh.kit@student.mmu.edu.my',2,'2458T',2500,'2025-01-01',3000,'Active in Program','Male','2002-07-05',7,3,'Master','2025-01-04','Part-time',3.37,FALSE,2,TRUE,24.3,TRUE,5),
('250PJ285Q1','AISHA BINTI HASSAN','aisha.hassan@student.mmu.edu.my',2,'2465K',2500,'2025-01-01',3000,'Active in Program','Female','2002-04-23',7,3,'Master','2025-02-21','Part-time',3.30,FALSE,2,TRUE,32.2,FALSE,4),
('250PK292RD','ONG JUN HAO','ong.hao@student.mmu.edu.my',2,'247ZK',2500,'2025-01-01',3000,'Active in Program','Male','2002-09-20',7,6,'Master','2025-02-22','Part-time',3.65,FALSE,3,FALSE,0.0,TRUE,3),
('250PL239R2','PRIYA DEVI NAIR','priya.nair@student.mmu.edu.my',2,'249PK',2500,'2025-01-01',3000,'Active in Program','Female','2001-10-02',4,6,'Master','2025-01-07','Part-time',3.12,FALSE,6,TRUE,33.7,FALSE,4),
('250PN278QD','CHONG KAI LUN','chong.lun@student.mmu.edu.my',2,'243YK',2500,'2025-01-01',3000,'Active in Program','Male','1999-07-01',7,6,'Master','2025-01-21','Part-time',3.07,FALSE,6,TRUE,35.4,FALSE,3),
('250PR284PK','ABDUL RAHMAN BIN OTHMAN','abdul.othman@student.mmu.edu.my',2,'245MK',2500,'2025-01-01',3000,'Active in Program','Male','1995-10-20',7,6,'Master','2025-01-22','Part-time',3.56,FALSE,6,FALSE,0.0,FALSE,3),
('250PS295RM','YAP SIEW LING','yap.ling@student.mmu.edu.my',1,'248RM',2500,'2025-01-01',3000,'Active in Program','Female','2003-01-04',7,5,'Master','2025-01-07','Part-time',3.47,TRUE,6,TRUE,38.0,FALSE,5),
('250PT244R3','MIRA SHARMINA BINTI HAMZAH','mira.hamzah@student.mmu.edu.my',1,'249RK',2500,'2025-01-01',3000,'Active in Program','Female','1998-03-29',7,5,'Master','2025-01-08','Part-time',3.55,FALSE,6,TRUE,37.5,FALSE,4),
('250PS297RL','KOH CHEE MING','koh.ming@student.mmu.edu.my',1,'247LH',2500,'2025-01-01',3000,'Active in Program','Male','2000-05-08',7,5,'Master','2025-01-25','Part-time',3.78,FALSE,2,TRUE,34.7,FALSE,5),
('250PS298RL','ANG ANSON','ang.anson@student.mmu.edu.my',1,'247LH',2500,'2025-01-01',3000,'Active in Program','Male','2000-03-16',7,5,'Master','2025-01-25','Full-time',3.13,FALSE,2,TRUE,9.7,TRUE,5);

-- Student Milestones (expected dates from Excel; actual = real past dates only)
INSERT INTO student_milestone
    (student_id, milestone_id, earliest_start_date, expected_date, actual_date, status)
VALUES
(1,1,NULL,'2026-01-22','2025-07-03','Completed'),
(1,3,NULL,'2027-01-21','2025-01-25','Completed'),
(1,4,'2029-01-01','2030-01-01',NULL,'Pending'),
(2,1,NULL,'2026-01-23','2025-08-03','Completed'),
(2,3,NULL,'2027-02-21',NULL,'Pending'),
(2,4,'2029-01-01','2030-01-01',NULL,'Pending'),
(3,1,NULL,'2026-02-09','2025-08-04','Completed'),
(3,3,NULL,'2027-02-08',NULL,'Pending'),
(3,4,'2029-01-01','2030-01-01',NULL,'Pending'),
(4,1,NULL,'2026-01-06','2025-08-06','Completed'),
(4,3,NULL,'2027-01-05',NULL,'Pending'),
(4,4,'2029-01-01','2030-01-01',NULL,'Pending'),
(5,1,NULL,'2026-01-06','2025-08-06','Completed'),
(5,3,NULL,'2027-01-05',NULL,'Pending'),
(5,4,'2029-01-01','2030-01-01',NULL,'Pending'),
(6,1,NULL,'2026-01-05','2025-08-07','Completed'),
(6,3,NULL,'2027-01-04',NULL,'Pending'),
(6,4,'2029-01-01','2030-01-01',NULL,'Pending'),
(7,1,NULL,'2026-02-08',NULL,'Pending'),
(7,3,NULL,'2027-02-07',NULL,'Pending'),
(7,4,'2029-01-01','2030-01-01',NULL,'Pending'),
(8,1,NULL,'2026-03-23','2026-04-09','Completed'),
(8,3,NULL,'2027-03-22',NULL,'Pending'),
(8,4,'2029-01-01','2030-01-01',NULL,'Pending'),
(9,1,NULL,'2026-03-09',NULL,'Pending'),
(9,3,NULL,'2027-03-08',NULL,'Pending'),
(9,4,'2029-01-01','2030-01-01',NULL,'Pending'),
(10,1,NULL,'2026-02-17',NULL,'Pending'),
(10,3,NULL,'2027-02-16',NULL,'Pending'),
(10,4,'2029-01-01','2030-01-01',NULL,'Pending'),
(11,1,NULL,'2026-01-06','2025-05-18','Completed'),
(11,3,NULL,'2027-01-05','2025-04-12','Completed'),
(11,4,'2031-01-01','2032-01-01',NULL,'Pending'),
(12,1,NULL,'2026-02-08','2025-04-18','Completed'),
(12,3,NULL,'2027-02-07','2026-04-13','Completed'),
(12,4,'2031-01-01','2032-01-01',NULL,'Pending'),
(13,1,NULL,'2026-01-08','2025-05-15','Completed'),
(13,3,NULL,'2027-01-08','2025-04-14','Completed'),
(13,4,'2031-01-01','2032-01-01',NULL,'Pending'),
(14,1,NULL,'2026-01-29','2025-08-15','Completed'),
(14,3,NULL,'2027-01-28',NULL,'Pending'),
(14,4,'2031-01-01','2032-01-01',NULL,'Pending'),
(15,1,NULL,'2026-02-06','2025-08-16','Completed'),
(15,3,NULL,'2027-02-05',NULL,'Pending'),
(15,4,'2031-01-01','2032-01-01',NULL,'Pending'),
(16,1,NULL,'2026-02-09','2025-08-17','Completed'),
(16,3,NULL,'2027-02-08',NULL,'Pending'),
(16,4,'2031-01-01','2032-01-01',NULL,'Pending'),
(17,1,NULL,'2026-03-25','2026-03-22','Completed'),
(17,3,NULL,'2027-03-24',NULL,'Pending'),
(17,4,'2031-01-01','2032-01-01',NULL,'Pending'),
(18,1,NULL,'2026-03-26','2026-03-23','Completed'),
(18,3,NULL,'2027-03-24',NULL,'Pending'),
(18,4,'2031-01-01','2032-01-01',NULL,'Pending'),
(19,1,NULL,'2026-01-06','2026-04-24','Completed'),
(19,3,NULL,'2027-01-05',NULL,'Pending'),
(19,4,'2031-01-01','2032-01-01',NULL,'Pending'),
(20,1,NULL,'2026-01-07','2025-04-21','Completed'),
(20,3,NULL,'2026-04-06','2025-06-20','Completed'),
(20,4,'2027-01-01','2028-01-01',NULL,'Pending'),
(21,1,NULL,'2026-01-29','2025-05-21','Completed'),
(21,3,NULL,'2026-04-28','2025-05-21','Completed'),
(21,4,'2027-01-01','2028-01-01',NULL,'Pending'),
(22,1,NULL,'2026-01-30','2025-05-21','Completed'),
(22,3,NULL,'2026-04-29','2025-06-22','Completed'),
(22,4,'2027-01-01','2028-01-01',NULL,'Pending'),
(23,1,NULL,'2026-02-23','2025-09-21','Completed'),
(23,3,NULL,'2026-05-22','2025-09-22','Completed'),
(23,4,'2027-01-01','2028-01-01',NULL,'Pending'),
(24,1,NULL,'2026-02-24','2025-08-21','Completed'),
(24,3,NULL,'2026-05-23','2025-10-01','Completed'),
(24,4,'2027-01-01','2028-01-01',NULL,'Pending'),
(25,1,NULL,'2026-02-02','2025-09-27','Completed'),
(25,3,NULL,'2026-05-01','2025-10-22','Completed'),
(25,4,'2027-01-01','2028-01-01',NULL,'Pending'),
(26,1,NULL,'2026-02-03','2026-02-06','Completed'),
(26,3,NULL,'2026-05-02',NULL,'Pending'),
(26,4,'2027-01-01','2028-01-01',NULL,'Pending'),
(27,1,NULL,'2026-02-04','2026-02-07','Completed'),
(27,3,NULL,'2026-05-03',NULL,'Pending'),
(27,4,'2027-01-01','2028-01-01',NULL,'Pending'),
(28,1,NULL,'2026-01-15','2026-02-08','Completed'),
(28,3,NULL,'2026-04-14','2026-04-23','Completed'),
(28,4,'2027-01-01','2028-01-01',NULL,'Pending'),
(29,1,NULL,'2026-01-16','2026-02-06','Completed'),
(29,3,NULL,'2026-04-15',NULL,'Pending'),
(29,4,'2027-01-01','2028-01-01',NULL,'Pending'),
(30,1,NULL,'2026-01-17','2025-04-06','Completed'),
(30,3,NULL,'2026-04-16','2025-06-20','Completed'),
(30,4,'2029-01-01','2030-01-01',NULL,'Pending'),
(31,1,NULL,'2026-01-05','2025-04-21','Completed'),
(31,3,NULL,'2026-04-04','2025-05-21','Completed'),
(31,4,'2029-01-01','2030-01-01',NULL,'Pending'),
(32,1,NULL,'2026-02-22','2025-03-31','Completed'),
(32,3,NULL,'2026-05-21','2025-06-22','Completed'),
(32,4,'2029-01-01','2030-01-01',NULL,'Pending'),
(33,1,NULL,'2026-02-23','2025-09-30','Completed'),
(33,3,NULL,'2026-05-22','2025-09-22','Completed'),
(33,4,'2029-01-01','2030-01-01',NULL,'Pending'),
(34,1,NULL,'2026-01-08','2025-10-01','Completed'),
(34,3,NULL,'2026-04-07','2025-10-01','Completed'),
(34,4,'2029-01-01','2030-01-01',NULL,'Pending'),
(35,1,NULL,'2026-02-22','2025-10-02','Completed'),
(35,3,NULL,'2026-04-21','2025-10-22','Completed'),
(35,4,'2029-01-01','2030-01-01',NULL,'Pending'),
(36,1,NULL,'2026-02-23','2026-01-03','Completed'),
(36,3,NULL,'2026-04-22',NULL,'Pending'),
(36,4,'2029-01-01','2030-01-01',NULL,'Pending'),
(37,1,NULL,'2026-01-08','2026-01-01','Completed'),
(37,3,NULL,'2026-04-07',NULL,'Pending'),
(37,4,'2029-01-01','2030-01-01',NULL,'Pending'),
(38,1,NULL,'2026-01-09','2026-01-15','Completed'),
(38,3,NULL,'2026-04-08','2026-04-23','Completed'),
(38,4,'2029-01-01','2030-01-01',NULL,'Pending'),
(39,1,NULL,'2026-01-26','2026-02-03','Completed'),
(39,3,NULL,'2026-04-25',NULL,'Pending'),
(39,4,'2029-01-01','2030-01-01',NULL,'Pending'),
(40,1,NULL,'2026-01-25',NULL,'Overdue'),
(40,3,NULL,'2026-04-25',NULL,'Overdue'),
(40,4,'2027-01-01','2028-01-01',NULL,'Pending');

INSERT INTO student_supervisor (student_id, supervisor_id, role, assigned_date) VALUES
(1,2,'Main','2025-01-21'),
(2,2,'Main','2025-02-21'),
(3,2,'Main','2025-02-08'),
(4,2,'Main','2025-01-05'),
(5,2,'Main','2025-01-05'),
(6,2,'Main','2025-01-04'),
(7,2,'Main','2025-02-07'),
(8,4,'Main','2025-03-22'),
(9,4,'Main','2025-03-08'),
(10,4,'Main','2025-02-16'),
(11,4,'Main','2025-01-05'),
(12,4,'Main','2025-02-07'),
(13,4,'Main','2025-01-08'),
(14,3,'Main','2025-01-28'),
(15,3,'Main','2025-02-05'),
(16,3,'Main','2025-02-08'),
(17,3,'Main','2025-03-24'),
(18,3,'Main','2025-03-24'),
(19,3,'Main','2025-01-05'),
(20,3,'Main','2025-01-06'),
(21,3,'Main','2025-01-28'),
(22,3,'Main','2025-01-29'),
(23,3,'Main','2025-02-22'),
(24,5,'Main','2025-02-23'),
(25,5,'Main','2025-02-01'),
(26,5,'Main','2025-02-02'),
(27,5,'Main','2025-02-03'),
(28,5,'Main','2025-01-14'),
(29,3,'Main','2025-01-15'),
(30,3,'Main','2025-01-16'),
(31,3,'Main','2025-01-04'),
(32,3,'Main','2025-02-21'),
(33,5,'Main','2025-02-22'),
(34,5,'Main','2025-01-07'),
(35,5,'Main','2025-01-21'),
(36,5,'Main','2025-01-22'),
(37,4,'Main','2025-01-07'),
(38,4,'Main','2025-01-08'),
(39,4,'Main','2025-01-25'),
(40,4,'Main','2025-01-25');

-- PPM Records — 2 cycles per student (2025 H1 cycle 1, H2 cycle 2)
-- PhD students have higher US rate for realistic ML variance
INSERT INTO ppm_record
    (student_id, ppm_year, ppm_cycle, result, verify_status, verified_by_id, verified_by_name)
VALUES
(1,2025,1,'S','Y','MU081217','Dr. Ahmad Rahman'),
(1,2025,2,'S','Y','MU081217','Dr. Ahmad Rahman'),
(2,2025,1,'S','Y','MU081217','Dr. Ahmad Rahman'),
(2,2025,2,'S','Y','MU081217','Dr. Ahmad Rahman'),
(3,2025,1,'S','Y','MU081217','Dr. Ahmad Rahman'),
(3,2025,2,'S','Y','MU081217','Dr. Ahmad Rahman'),
(4,2025,1,'S','Y','MU081217','Dr. Ahmad Rahman'),
(4,2025,2,'US','Y','MU081217','Dr. Ahmad Rahman'),
(5,2025,1,'S','Y','MU081217','Dr. Ahmad Rahman'),
(5,2025,2,'S','Y','MU081217','Dr. Ahmad Rahman'),
(6,2025,1,'S','Y','MU081217','Dr. Ahmad Rahman'),
(6,2025,2,'S','Y','MU081217','Dr. Ahmad Rahman'),
(7,2025,1,'S','Y','MU081217','Dr. Ahmad Rahman'),
(7,2025,2,'S','Y','MU081217','Dr. Ahmad Rahman'),
(8,2025,1,'US','Y','MU103456','Prof. James Wilson'),
(8,2025,2,'S','Y','MU103456','Prof. James Wilson'),
(9,2025,1,'S','Y','MU103456','Prof. James Wilson'),
(9,2025,2,'S','Y','MU103456','Prof. James Wilson'),
(10,2025,1,'S','Y','MU103456','Prof. James Wilson'),
(10,2025,2,'US','Y','MU103456','Prof. James Wilson'),
(11,2025,1,'S','Y','MU103456','Prof. James Wilson'),
(11,2025,2,'S','Y','MU103456','Prof. James Wilson'),
(12,2025,1,'S','Y','MU103456','Prof. James Wilson'),
(12,2025,2,'S','Y','MU103456','Prof. James Wilson'),
(13,2025,1,'S','Y','MU103456','Prof. James Wilson'),
(13,2025,2,'US','Y','MU103456','Prof. James Wilson'),
(14,2025,1,'S','Y','MU092301','Dr. Sarah Chen'),
(14,2025,2,'US','Y','MU092301','Dr. Sarah Chen'),
(15,2025,1,'US','Y','MU092301','Dr. Sarah Chen'),
(15,2025,2,'S','Y','MU092301','Dr. Sarah Chen'),
(16,2025,1,'S','Y','MU092301','Dr. Sarah Chen'),
(16,2025,2,'S','Y','MU092301','Dr. Sarah Chen'),
(17,2025,1,'S','Y','MU092301','Dr. Sarah Chen'),
(17,2025,2,'S','Y','MU092301','Dr. Sarah Chen'),
(18,2025,1,'S','Y','MU092301','Dr. Sarah Chen'),
(18,2025,2,'US','Y','MU092301','Dr. Sarah Chen'),
(19,2025,1,'S','Y','MU092301','Dr. Sarah Chen'),
(19,2025,2,'S','Y','MU092301','Dr. Sarah Chen'),
(20,2025,1,'S','Y','MU092301','Dr. Sarah Chen'),
(20,2025,2,'S','Y','MU092301','Dr. Sarah Chen'),
(21,2025,1,'S','Y','MU092301','Dr. Sarah Chen'),
(21,2025,2,'S','Y','MU092301','Dr. Sarah Chen'),
(22,2025,1,'S','Y','MU092301','Dr. Sarah Chen'),
(22,2025,2,'S','Y','MU092301','Dr. Sarah Chen'),
(23,2025,1,'S','Y','MU092301','Dr. Sarah Chen'),
(23,2025,2,'S','Y','MU092301','Dr. Sarah Chen'),
(24,2025,1,'S','Y','MU114567','Dr. Fatimah Idris'),
(24,2025,2,'S','Y','MU114567','Dr. Fatimah Idris'),
(25,2025,1,'S','Y','MU114567','Dr. Fatimah Idris'),
(25,2025,2,'S','Y','MU114567','Dr. Fatimah Idris'),
(26,2025,1,'S','Y','MU114567','Dr. Fatimah Idris'),
(26,2025,2,'S','Y','MU114567','Dr. Fatimah Idris'),
(27,2025,1,'S','Y','MU114567','Dr. Fatimah Idris'),
(27,2025,2,'S','Y','MU114567','Dr. Fatimah Idris'),
(28,2025,1,'S','Y','MU114567','Dr. Fatimah Idris'),
(28,2025,2,'S','Y','MU114567','Dr. Fatimah Idris'),
(29,2025,1,'S','Y','MU092301','Dr. Sarah Chen'),
(29,2025,2,'S','Y','MU092301','Dr. Sarah Chen'),
(30,2025,1,'S','Y','MU092301','Dr. Sarah Chen'),
(30,2025,2,'S','Y','MU092301','Dr. Sarah Chen'),
(31,2025,1,'S','Y','MU092301','Dr. Sarah Chen'),
(31,2025,2,'S','Y','MU092301','Dr. Sarah Chen'),
(32,2025,1,'S','Y','MU092301','Dr. Sarah Chen'),
(32,2025,2,'S','Y','MU092301','Dr. Sarah Chen'),
(33,2025,1,'S','Y','MU114567','Dr. Fatimah Idris'),
(33,2025,2,'S','Y','MU114567','Dr. Fatimah Idris'),
(34,2025,1,'S','Y','MU114567','Dr. Fatimah Idris'),
(34,2025,2,'S','Y','MU114567','Dr. Fatimah Idris'),
(35,2025,1,'S','Y','MU114567','Dr. Fatimah Idris'),
(35,2025,2,'S','Y','MU114567','Dr. Fatimah Idris'),
(36,2025,1,'S','Y','MU114567','Dr. Fatimah Idris'),
(36,2025,2,'US','Y','MU114567','Dr. Fatimah Idris'),
(37,2025,1,'S','Y','MU103456','Prof. James Wilson'),
(37,2025,2,'S','Y','MU103456','Prof. James Wilson'),
(38,2025,1,'S','Y','MU103456','Prof. James Wilson'),
(38,2025,2,'S','Y','MU103456','Prof. James Wilson'),
(39,2025,1,'US','Y','MU103456','Prof. James Wilson'),
(39,2025,2,'US','Y','MU103456','Prof. James Wilson'),
(40,2025,1,'S','Y','MU103456','Prof. James Wilson'),
(40,2025,2,'S','Y','MU103456','Prof. James Wilson');

-- Graduation Outcomes (all 40 students — real ExpectedEnd_StudyDate)
INSERT INTO graduation_outcome
    (student_id, expected_end_date, actual_end_date, is_delayed, final_status)
VALUES
(1,'2030-01-01',NULL,FALSE,'Ongoing'),
(2,'2030-01-01',NULL,FALSE,'Ongoing'),
(3,'2030-01-01',NULL,FALSE,'Ongoing'),
(4,'2030-01-01',NULL,FALSE,'Ongoing'),
(5,'2030-01-01',NULL,FALSE,'Ongoing'),
(6,'2030-01-01',NULL,FALSE,'Ongoing'),
(7,'2030-01-01',NULL,FALSE,'Ongoing'),
(8,'2030-01-01',NULL,FALSE,'Ongoing'),
(9,'2030-01-01',NULL,FALSE,'Ongoing'),
(10,'2030-01-01',NULL,FALSE,'Ongoing'),
(11,'2032-01-01',NULL,FALSE,'Ongoing'),
(12,'2032-01-01',NULL,FALSE,'Ongoing'),
(13,'2032-01-01',NULL,FALSE,'Ongoing'),
(14,'2032-01-01',NULL,FALSE,'Ongoing'),
(15,'2032-01-01',NULL,FALSE,'Ongoing'),
(16,'2032-01-01',NULL,FALSE,'Ongoing'),
(17,'2032-01-01',NULL,FALSE,'Ongoing'),
(18,'2032-01-01',NULL,FALSE,'Ongoing'),
(19,'2032-01-01',NULL,FALSE,'Ongoing'),
(20,'2028-01-01',NULL,FALSE,'Ongoing'),
(21,'2028-01-01',NULL,FALSE,'Ongoing'),
(22,'2028-01-01',NULL,FALSE,'Ongoing'),
(23,'2028-01-01',NULL,FALSE,'Ongoing'),
(24,'2028-01-01',NULL,FALSE,'Ongoing'),
(25,'2028-01-01',NULL,FALSE,'Ongoing'),
(26,'2028-01-01',NULL,FALSE,'Ongoing'),
(27,'2028-01-01',NULL,FALSE,'Ongoing'),
(28,'2028-01-01',NULL,FALSE,'Ongoing'),
(29,'2028-01-01',NULL,FALSE,'Ongoing'),
(30,'2030-01-01',NULL,FALSE,'Ongoing'),
(31,'2030-01-01',NULL,FALSE,'Ongoing'),
(32,'2030-01-01',NULL,FALSE,'Ongoing'),
(33,'2030-01-01',NULL,FALSE,'Ongoing'),
(34,'2030-01-01',NULL,FALSE,'Ongoing'),
(35,'2030-01-01',NULL,FALSE,'Ongoing'),
(36,'2030-01-01',NULL,FALSE,'Ongoing'),
(37,'2030-01-01',NULL,FALSE,'Ongoing'),
(38,'2030-01-01',NULL,FALSE,'Ongoing'),
(39,'2030-01-01',NULL,FALSE,'Ongoing'),
(40,'2028-01-01',NULL,FALSE,'Ongoing');

INSERT INTO examiner (examiner_name, institution, is_external) VALUES
('Prof. Tan Ah Kow','University of Malaya',TRUE),
('Dr. Lee Wei Ming','NUS',TRUE),
('Prof. Yamamoto','University of Tokyo',TRUE);

